y_j / x_i:,0,0.0166667,0.0333333,0.05,0.0666667,0.0833333,0.1,0.116667,0.133333,0.15,0.166667,0.183333,0.2,0.216667,0.233333,0.25,0.266667,0.283333,0.3,0.316667,0.333333,0.35,0.366667,0.383333,0.4,0.416667,0.433333,0.45,0.466667,0.483333,0.5,0.516667,0.533333,0.55,0.566667,0.583333,0.6,0.616667,0.633333,0.65,0.666667,0.683333,0.7,0.716667,0.733333,0.75,0.766667,0.783333,0.8,0.816667,0.833333,0.85,0.866667,0.883333,0.9,0.916667,0.933333,0.95,0.966667,0.983333,1,
0,0,0,0,0,0,0,0,0,0,0,0,0,0,0,0,0,0,0,0,0,0,0,0,0,0,0,0,0,0,0,0,0,0,0,0,0,0,0,0,0,0,0,0,0,0,0,0,0,0,0,0,0,0,0,0,0,0,0,0,0,0,
0.0166667,0,9.90514e-06,9.43624e-06,8.0594e-06,7.11002e-06,6.54417e-06,6.21997e-06,6.04164e-06,5.95207e-06,5.91721e-06,5.91615e-06,5.93574e-06,5.96744e-06,6.00567e-06,6.04671e-06,6.08808e-06,6.12813e-06,6.16581e-06,6.20043e-06,6.23159e-06,6.25907e-06,6.28277e-06,6.3027e-06,6.31891e-06,6.33149e-06,6.34052e-06,6.34613e-06,6.34841e-06,6.34746e-06,6.34336e-06,6.33616e-06,6.32593e-06,6.31267e-06,6.29642e-06,6.27716e-06,6.25489e-06,6.22959e-06,6.20125e-06,6.16987e-06,6.13548e-06,6.09816e-06,6.05803e-06,6.01535e-06,5.97049e-06,5.92404e-06,5.87687e-06,5.83028e-06,5.78612e-06,5.74712e-06,5.71726e-06,5.70241e-06,5.71136e-06,5.75758e-06,5.8622e-06,6.05953e-06,6.40681e-06,6.99986e-06,7.98027e-06,9.39083e-06,9.892e-06,0,
0.0333333,0,9.48024e-06,1.25804e-05,1.29042e-05,1.25352e-05,1.21393e-05,1.18636e-05,1.17093e-05,1.16478e-05,1.16506e-05,1.16955e-05,1.17664e-05,1.18521e-05,1.19447e-05,1.20388e-05,1.21307e-05,1.2218e-05,1.22991e-05,1.23731e-05,1.24394e-05,1.24978e-05,1.25481e-05,1.25906e-05,1.26254e-05,1.26527e-05,1.26728e-05,1.26859e-05,1.26923e-05,1.26921e-05,1.26855e-05,1.26726e-05,1.26536e-05,1.26285e-05,1.25973e-05,1.25601e-05,1.25166e-05,1.2467e-05,1.24111e-05,1.2349e-05,1.22805e-05,1.22058e-05,1.2125e-05,1.20385e-05,1.19468e-05,1.18508e-05,1.17519e-05,1.16521e-05,1.15542e-05,1.14623e-05,1.13825e-05,1.13229e-05,1.12955e-05,1.13167e-05,1.14091e-05,1.16014e-05,1.19224e-05,1.23699e-05,1.27952e-05,1.25279e-05,9.473e-06,0,
0.05,0,8.18649e-06,1.30265e-05,1.52423e-05,1.61301e-05,1.64768e-05,1.66429e-05,1.67698e-05,1.69043e-05,1.70567e-05,1.72239e-05,1.73997e-05,1.75777e-05,1.77529e-05,1.79212e-05,1.80799e-05,1.82271e-05,1.83617e-05,1.84831e-05,1.85911e-05,1.86859e-05,1.87676e-05,1.88366e-05,1.88934e-05,1.89385e-05,1.89723e-05,1.89953e-05,1.90078e-05,1.90103e-05,1.9003e-05,1.8986e-05,1.89596e-05,1.89238e-05,1.88786e-05,1.8824e-05,1.87598e-05,1.8686e-05,1.86023e-05,1.85086e-05,1.84047e-05,1.82906e-05,1.81662e-05,1.80316e-05,1.78874e-05,1.77341e-05,1.75729e-05,1.74056e-05,1.72345e-05,1.70631e-05,1.6896e-05,1.6739e-05,1.65991e-05,1.64831e-05,1.63941e-05,1.63222e-05,1.62196e-05,1.5943e-05,1.51283e-05,1.29805e-05,8.18768e-06,0,
0.0666667,0,7.35463e-06,1.28489e-05,1.63563e-05,1.84585e-05,1.97335e-05,2.05637e-05,2.11633e-05,2.16427e-05,2.20558e-05,2.24277e-05,2.27695e-05,2.30858e-05,2.33783e-05,2.36475e-05,2.38938e-05,2.41173e-05,2.43185e-05,2.4498e-05,2.46565e-05,2.47948e-05,2.49138e-05,2.50145e-05,2.50977e-05,2.51643e-05,2.52151e-05,2.52507e-05,2.52719e-05,2.52791e-05,2.52728e-05,2.52532e-05,2.52206e-05,2.5175e-05,2.51164e-05,2.50447e-05,2.49597e-05,2.4861e-05,2.47483e-05,2.46212e-05,2.44792e-05,2.43219e-05,2.41489e-05,2.39597e-05,2.37542e-05,2.35323e-05,2.3294e-05,2.30397e-05,2.27697e-05,2.24847e-05,2.21848e-05,2.18691e-05,2.15336e-05,2.11675e-05,2.07459e-05,2.02144e-05,1.9461e-05,1.82684e-05,1.62486e-05,1.2813e-05,7.36316e-06,0,
0.0833333,0,6.93631e-06,1.27049e-05,1.70204e-05,2.00816e-05,2.22344e-05,2.3785e-05,2.49508e-05,2.58707e-05,2.66289e-05,2.72752e-05,2.78392e-05,2.83385e-05,2.87838e-05,2.91822e-05,2.95386e-05,2.98566e-05,3.01392e-05,3.03889e-05,3.06079e-05,3.07981e-05,3.09615e-05,3.10997e-05,3.12143e-05,3.13066e-05,3.1378e-05,3.14294e-05,3.14618e-05,3.1476e-05,3.14725e-05,3.14518e-05,3.14141e-05,3.13594e-05,3.12877e-05,3.11987e-05,3.10921e-05,3.09673e-05,3.08237e-05,3.06604e-05,3.04766e-05,3.02712e-05,3.00431e-05,2.97911e-05,2.95138e-05,2.92098e-05,2.88773e-05,2.85142e-05,2.81176e-05,2.76836e-05,2.72059e-05,2.66743e-05,2.60717e-05,2.5369e-05,2.4516e-05,2.34275e-05,2.19621e-05,1.98984e-05,1.6923e-05,1.26787e-05,6.95026e-06,0,
0.1,0,6.78543e-06,1.27331e-05,1.75827e-05,2.13657e-05,2.4266e-05,2.64977e-05,2.82451e-05,2.96465e-05,3.0799e-05,3.17682e-05,3.25978e-05,3.33173e-05,3.3947e-05,3.45008e-05,3.49892e-05,3.54198e-05,3.57988e-05,3.61312e-05,3.64211e-05,3.6672e-05,3.68872e-05,3.70692e-05,3.72205e-05,3.73432e-05,3.7439e-05,3.75095e-05,3.7556e-05,3.75794e-05,3.75806e-05,3.75601e-05,3.75182e-05,3.74549e-05,3.73701e-05,3.72634e-05,3.71342e-05,3.69816e-05,3.68046e-05,3.66018e-05,3.63717e-05,3.61126e-05,3.58222e-05,3.54983e-05,3.5138e-05,3.47379e-05,3.42938e-05,3.38005e-05,3.32511e-05,3.26362e-05,3.19424e-05,3.11501e-05,3.02303e-05,2.91391e-05,2.78103e-05,2.61453e-05,2.40028e-05,2.11937e-05,1.7496e-05,1.27148e-05,6.80274e-06,0,
0.116667,0,6.80223e-06,1.29271e-05,1.8173e-05,2.25099e-05,2.6027e-05,2.8864e-05,3.11634e-05,3.30473e-05,3.46121e-05,3.59296e-05,3.70526e-05,3.80194e-05,3.8858e-05,3.95891e-05,4.02284e-05,4.0788e-05,4.12774e-05,4.17043e-05,4.20753e-05,4.23957e-05,4.267e-05,4.29022e-05,4.30957e-05,4.32533e-05,4.33776e-05,4.34705e-05,4.35338e-05,4.35687e-05,4.35764e-05,4.35574e-05,4.35121e-05,4.34407e-05,4.33427e-05,4.32175e-05,4.30644e-05,4.28821e-05,4.26689e-05,4.24229e-05,4.21419e-05,4.18231e-05,4.14632e-05,4.10584e-05,4.0604e-05,4.00945e-05,3.95229e-05,3.88806e-05,3.81563e-05,3.73351e-05,3.6397e-05,3.53146e-05,3.40497e-05,3.25493e-05,3.07406e-05,2.85253e-05,2.57779e-05,2.23506e-05,1.8096e-05,1.29142e-05,6.82089e-06,0,
0.133333,0,6.92583e-06,1.32507e-05,1.88272e-05,2.36101e-05,2.76387e-05,3.10016e-05,3.38041e-05,3.61476e-05,3.812e-05,3.97928e-05,4.12224e-05,4.24524e-05,4.35166e-05,4.4441e-05,4.52462e-05,4.59481e-05,4.65598e-05,4.7092e-05,4.75533e-05,4.79511e-05,4.82916e-05,4.858e-05,4.88209e-05,4.9018e-05,4.91745e-05,4.9293e-05,4.93758e-05,4.94244e-05,4.94403e-05,4.94241e-05,4.93763e-05,4.92968e-05,4.91854e-05,4.90411e-05,4.88627e-05,4.86485e-05,4.83963e-05,4.81036e-05,4.77671e-05,4.73829e-05,4.69465e-05,4.64525e-05,4.58942e-05,4.52638e-05,4.45514e-05,4.37449e-05,4.2829e-05,4.1784e-05,4.05844e-05,3.91969e-05,3.75778e-05,3.56703e-05,3.34017e-05,3.06819e-05,2.7406e-05,2.34633e-05,1.8758e-05,1.32407e-05,6.94404e-06,0,
0.15,0,7.1186e-06,1.36684e-05,1.95452e-05,2.47066e-05,2.91685e-05,3.29875e-05,3.62407e-05,3.90098e-05,4.13716e-05,4.3393e-05,4.51304e-05,4.66298e-05,4.79284e-05,4.90563e-05,5.00376e-05,5.08919e-05,5.16354e-05,5.22813e-05,5.28408e-05,5.3323e-05,5.37358e-05,5.40859e-05,5.4379e-05,5.46196e-05,5.48119e-05,5.49592e-05,5.5064e-05,5.51284e-05,5.5154e-05,5.51417e-05,5.50921e-05,5.50049e-05,5.48798e-05,5.47155e-05,5.45104e-05,5.42624e-05,5.39687e-05,5.36258e-05,5.32295e-05,5.2775e-05,5.22561e-05,5.16657e-05,5.09954e-05,5.02349e-05,4.93716e-05,4.83903e-05,4.7272e-05,4.59933e-05,4.45247e-05,4.28291e-05,4.08604e-05,3.85617e-05,3.58647e-05,3.26903e-05,2.89533e-05,2.45716e-05,1.94817e-05,1.3659e-05,7.13477e-06,0,
0.166667,0,7.35625e-06,1.41514e-05,2.03142e-05,2.58117e-05,3.06507e-05,3.4869e-05,3.85241e-05,4.16817e-05,4.44075e-05,4.67624e-05,4.88003e-05,5.05674e-05,5.21026e-05,5.34384e-05,5.46016e-05,5.56148e-05,5.64966e-05,5.72627e-05,5.79264e-05,5.84986e-05,5.8989e-05,5.94054e-05,5.97547e-05,6.00426e-05,6.02739e-05,6.04525e-05,6.05816e-05,6.06637e-05,6.07006e-05,6.06933e-05,6.06424e-05,6.05477e-05,6.04086e-05,6.02236e-05,5.99906e-05,5.97071e-05,5.93695e-05,5.89735e-05,5.8514e-05,5.79848e-05,5.73786e-05,5.66864e-05,5.5898e-05,5.50009e-05,5.39801e-05,5.28177e-05,5.1492e-05,4.99764e-05,4.82389e-05,4.62409e-05,4.39359e-05,4.12693e-05,3.81788e-05,3.45965e-05,3.04533e-05,2.56874e-05,2.02547e-05,1.41407e-05,7.36909e-06,0,
0.183333,0,7.62242e-06,1.46773e-05,2.11186e-05,2.69245e-05,3.20996e-05,3.66722e-05,4.06869e-05,4.41971e-05,4.72592e-05,4.99278e-05,5.22534e-05,5.42808e-05,5.60494e-05,5.75927e-05,5.89397e-05,6.01147e-05,6.11386e-05,6.2029e-05,6.2801e-05,6.34674e-05,6.40392e-05,6.45256e-05,6.49345e-05,6.52727e-05,6.55456e-05,6.5758e-05,6.59134e-05,6.60148e-05,6.60642e-05,6.60628e-05,6.60112e-05,6.59093e-05,6.5756e-05,6.55497e-05,6.5288e-05,6.49675e-05,6.45842e-05,6.41329e-05,6.36074e-05,6.30005e-05,6.23033e-05,6.15056e-05,6.05953e-05,5.95578e-05,5.83763e-05,5.70306e-05,5.54968e-05,5.37466e-05,5.17465e-05,4.94574e-05,4.68342e-05,4.38256e-05,4.03757e-05,3.64262e-05,3.19205e-05,2.68101e-05,2.10616e-05,1.46638e-05,7.63095e-06,0,
0.2,0,7.90557e-06,1.52289e-05,2.19435e-05,2.8038e-05,3.35191e-05,3.84103e-05,4.27485e-05,4.65785e-05,4.99494e-05,5.291e-05,5.55071e-05,5.77837e-05,5.97783e-05,6.15252e-05,6.30542e-05,6.4391e-05,6.55581e-05,6.65747e-05,6.74574e-05,6.82206e-05,6.88764e-05,6.94354e-05,6.99064e-05,7.02972e-05,7.0614e-05,7.0862e-05,7.10454e-05,7.11675e-05,7.12305e-05,7.12358e-05,7.11841e-05,7.10751e-05,7.09077e-05,7.06798e-05,7.03886e-05,7.00302e-05,6.95999e-05,6.90917e-05,6.84985e-05,6.78118e-05,6.70217e-05,6.61164e-05,6.50824e-05,6.39035e-05,6.2561e-05,6.10332e-05,5.92947e-05,5.73161e-05,5.50635e-05,5.24982e-05,4.9577e-05,4.62525e-05,4.24745e-05,3.81924e-05,3.33587e-05,2.79332e-05,2.18882e-05,1.52117e-05,7.90914e-06,0,
0.216667,0,8.19729e-06,1.57928e-05,2.27755e-05,2.91434e-05,3.49068e-05,4.00879e-05,4.47192e-05,4.88399e-05,5.24935e-05,5.5724e-05,5.8575e-05,6.10871e-05,6.3298e-05,6.52415e-05,6.69479e-05,6.8444e-05,6.97531e-05,7.08958e-05,7.18898e-05,7.27508e-05,7.34921e-05,7.41252e-05,7.466e-05,7.5105e-05,7.54671e-05,7.57521e-05,7.59648e-05,7.61086e-05,7.61862e-05,7.6199e-05,7.61477e-05,7.6032e-05,7.58504e-05,7.56008e-05,7.52798e-05,7.4883e-05,7.44051e-05,7.38392e-05,7.31774e-05,7.24102e-05,7.15266e-05,7.05135e-05,6.9356e-05,6.80367e-05,6.65356e-05,6.48298e-05,6.28929e-05,6.0695e-05,5.82023e-05,5.53774e-05,5.21791e-05,4.85635e-05,4.44854e-05,3.99e-05,3.4766e-05,2.90483e-05,2.27215e-05,1.57715e-05,8.19558e-06,0,
0.233333,0,8.49119e-06,1.63585e-05,2.36029e-05,3.02311e-05,3.62574e-05,4.17047e-05,4.66032e-05,5.09888e-05,5.49009e-05,5.83801e-05,6.14668e-05,6.41996e-05,6.6615e-05,6.87462e-05,7.06236e-05,7.22742e-05,7.37222e-05,7.4989e-05,7.60934e-05,7.70519e-05,7.78788e-05,7.85866e-05,7.91859e-05,7.96859e-05,8.00942e-05,8.04172e-05,8.066e-05,8.08265e-05,8.09193e-05,8.09402e-05,8.08899e-05,8.07678e-05,8.05724e-05,8.03012e-05,7.99505e-05,7.95153e-05,7.89897e-05,7.83662e-05,7.76359e-05,7.67886e-05,7.58121e-05,7.46923e-05,7.34134e-05,7.19568e-05,7.03015e-05,6.84238e-05,6.62969e-05,6.38908e-05,6.11721e-05,5.81048e-05,5.46497e-05,5.07662e-05,4.64127e-05,4.1549e-05,3.61377e-05,3.01466e-05,2.35508e-05,1.63331e-05,8.48424e-06,0,
0.25,0,8.7823e-06,1.69173e-05,2.44159e-05,3.1292e-05,3.75644e-05,4.32574e-05,4.84007e-05,5.30283e-05,5.71769e-05,6.08844e-05,6.41888e-05,6.71271e-05,6.97342e-05,7.20429e-05,7.4083e-05,7.58819e-05,7.74642e-05,7.88517e-05,8.00641e-05,8.11186e-05,8.20302e-05,8.28121e-05,8.34758e-05,8.4031e-05,8.4486e-05,8.48474e-05,8.51208e-05,8.53103e-05,8.5419e-05,8.54485e-05,8.53996e-05,8.52716e-05,8.50629e-05,8.47705e-05,8.43905e-05,8.39175e-05,8.33448e-05,8.26644e-05,8.18668e-05,8.09406e-05,7.98731e-05,7.86494e-05,7.72525e-05,7.56632e-05,7.38598e-05,7.18181e-05,6.9511e-05,6.69087e-05,6.39788e-05,6.06862e-05,5.69939e-05,5.28637e-05,4.82571e-05,4.31367e-05,3.74678e-05,3.12197e-05,2.43667e-05,1.68887e-05,8.7705e-06,0,
0.266667,0,9.06667e-06,1.74622e-05,2.52058e-05,3.23176e-05,3.88205e-05,4.47411e-05,5.01094e-05,5.49584e-05,5.93232e-05,6.32399e-05,6.67448e-05,6.98731e-05,7.26588e-05,7.51337e-05,7.73275e-05,7.92673e-05,8.09778e-05,8.24815e-05,8.37984e-05,8.49461e-05,8.59405e-05,8.67954e-05,8.75226e-05,8.81325e-05,8.86337e-05,8.90336e-05,8.93377e-05,8.95507e-05,8.96755e-05,8.97141e-05,8.9667e-05,8.95336e-05,8.93122e-05,8.89994e-05,8.85909e-05,8.8081e-05,8.74625e-05,8.67267e-05,8.58634e-05,8.48609e-05,8.37054e-05,8.23814e-05,8.08712e-05,7.91551e-05,7.72109e-05,7.50141e-05,7.25377e-05,6.97521e-05,6.66257e-05,6.31247e-05,5.92136e-05,5.48563e-05,5.00165e-05,4.46589e-05,3.87501e-05,3.22598e-05,2.51613e-05,1.74317e-05,9.05072e-06,0,
0.283333,0,9.34104e-06,1.79875e-05,2.59654e-05,3.33002e-05,4.00189e-05,4.61504e-05,5.17254e-05,5.6777e-05,6.13394e-05,6.54475e-05,6.91361e-05,7.24394e-05,7.53903e-05,7.80199e-05,8.03574e-05,8.24298e-05,8.42618e-05,8.58761e-05,8.72929e-05,8.85304e-05,8.96049e-05,9.05304e-05,9.13196e-05,9.19831e-05,9.25299e-05,9.29677e-05,9.33024e-05,9.35387e-05,9.36799e-05,9.37278e-05,9.36831e-05,9.35451e-05,9.33116e-05,9.29794e-05,9.25436e-05,9.19982e-05,9.13355e-05,9.05464e-05,8.96202e-05,8.85444e-05,8.73047e-05,8.58852e-05,8.42675e-05,8.24315e-05,8.03547e-05,7.80126e-05,7.53781e-05,7.24223e-05,6.91142e-05,6.5421e-05,6.13086e-05,5.67425e-05,5.16878e-05,4.61105e-05,3.9978e-05,3.32599e-05,2.59281e-05,1.79568e-05,9.322e-06,0,
0.3,0,9.60275e-06,1.84883e-05,2.66882e-05,3.42329e-05,4.11528e-05,4.74792e-05,5.32442e-05,5.8481e-05,6.32236e-05,6.75062e-05,7.13626e-05,7.48262e-05,7.7929e-05,8.07015e-05,8.31724e-05,8.53686e-05,8.73146e-05,8.90331e-05,9.05446e-05,9.18676e-05,9.30186e-05,9.40122e-05,9.48611e-05,9.55765e-05,9.61677e-05,9.66426e-05,9.70073e-05,9.72668e-05,9.74243e-05,9.74818e-05,9.744e-05,9.72979e-05,9.70534e-05,9.67029e-05,9.62414e-05,9.56623e-05,9.49577e-05,9.4118e-05,9.31319e-05,9.19867e-05,9.06675e-05,8.91578e-05,8.74391e-05,8.54908e-05,8.32904e-05,8.08131e-05,7.80323e-05,7.49194e-05,7.1444e-05,6.75743e-05,6.32772e-05,5.85193e-05,5.32667e-05,4.74863e-05,4.11457e-05,3.42138e-05,2.66613e-05,1.84598e-05,9.58196e-06,0,
0.316667,0,9.84954e-06,1.89603e-05,2.73687e-05,3.51094e-05,4.2216e-05,4.87219e-05,5.46608e-05,6.00664e-05,6.49729e-05,6.94139e-05,7.3423e-05,7.70326e-05,8.02742e-05,8.31778e-05,8.57717e-05,8.80823e-05,9.01343e-05,9.19502e-05,9.35506e-05,9.49542e-05,9.61777e-05,9.72359e-05,9.81419e-05,9.89071e-05,9.9541e-05,0.000100052,0.000100446,0.000100728,0.000100902,0.000100969,0.00010093,0.000100785,0.000100531,0.000100163,9.96776e-05,9.9067e-05,9.83231e-05,9.74359e-05,9.63939e-05,9.51836e-05,9.37901e-05,9.21964e-05,9.03837e-05,8.83313e-05,8.60164e-05,8.34146e-05,8.04993e-05,7.72423e-05,7.36138e-05,6.95826e-05,6.51167e-05,6.01831e-05,5.47489e-05,4.87811e-05,4.22473e-05,3.51159e-05,2.73559e-05,1.89369e-05,9.82863e-06,0,
0.333333,0,1.00795e-05,1.94001e-05,2.80023e-05,3.59243e-05,4.32026e-05,4.98729e-05,5.59701e-05,6.1529e-05,6.65837e-05,7.1168e-05,7.5315e-05,7.90569e-05,8.24246e-05,8.54475e-05,8.81537e-05,9.05694e-05,9.2719e-05,9.4625e-05,9.6308e-05,9.77868e-05,9.90782e-05,0.000100197,0.000101157,0.00010197,0.000102644,0.000103189,0.000103611,0.000103916,0.000104105,0.000104182,0.000104148,0.000104,0.000103737,0.000103354,0.000102846,0.000102207,0.000101427,0.000100496,9.94017e-05,9.81313e-05,9.66691e-05,9.4998e-05,9.30988e-05,9.09507e-05,8.85311e-05,8.58153e-05,8.27773e-05,7.93891e-05,7.56213e-05,7.14433e-05,6.68237e-05,6.173e-05,5.61297e-05,4.99899e-05,4.32779e-05,3.59612e-05,2.80077e-05,1.9385e-05,1.00603e-05,0,
0.35,0,1.0291e-05,1.98045e-05,2.85847e-05,3.66727e-05,4.41076e-05,5.0927e-05,5.71674e-05,6.28642e-05,6.80522e-05,7.27652e-05,7.70361e-05,8.08969e-05,8.4378e-05,8.75088e-05,9.03167e-05,9.28279e-05,9.50666e-05,9.70551e-05,9.88141e-05,0.000100362,0.000101717,0.000102892,0.000103903,0.00010476,0.000105473,0.00010605,0.000106499,0.000106825,0.00010703,0.000107117,0.000107086,0.000106937,0.000106666,0.00010627,0.000105743,0.000105077,0.000104264,0.000103292,0.000102151,0.000100826,9.93012e-05,9.75595e-05,9.55816e-05,9.33467e-05,9.0832e-05,8.80132e-05,8.48641e-05,8.13573e-05,7.74637e-05,7.31532e-05,6.83946e-05,6.31559e-05,5.74046e-05,5.11078e-05,4.42325e-05,3.67454e-05,2.8613e-05,1.98013e-05,1.02757e-05,0,
0.366667,0,1.04827e-05,2.01711e-05,2.91123e-05,3.73502e-05,4.49262e-05,5.18796e-05,5.8248e-05,6.4068e-05,6.93746e-05,7.42021e-05,7.85833e-05,8.25499e-05,8.61323e-05,8.93594e-05,9.22587e-05,9.48558e-05,9.71748e-05,9.92381e-05,0.000101066,0.000102678,0.00010409,0.000105318,0.000106375,0.000107273,0.000108022,0.00010863,0.000109104,0.00010945,0.00010967,0.000109767,0.000109741,0.000109591,0.000109314,0.000108906,0.000108362,0.000107672,0.00010683,0.000105822,0.000104639,0.000103264,0.000101683,9.98781e-05,9.78295e-05,9.55167e-05,9.29168e-05,9.00056e-05,8.67572e-05,8.31443e-05,7.91381e-05,7.47089e-05,6.98256e-05,6.44565e-05,5.85691e-05,5.21304e-05,4.51068e-05,3.74644e-05,2.91684e-05,2.01836e-05,1.04734e-05,0,
0.383333,0,1.06533e-05,2.04975e-05,2.95821e-05,3.79533e-05,4.56544e-05,5.27262e-05,5.92077e-05,6.51362e-05,7.05473e-05,7.54754e-05,7.99536e-05,8.40134e-05,8.76851e-05,9.09974e-05,9.39774e-05,9.66509e-05,9.90416e-05,0.000101172,0.000103062,0.000104731,0.000106195,0.00010747,0.00010857,0.000109506,0.000110287,0.000110924,0.000111422,0.000111787,0.000112021,0.000112128,0.000112107,0.000111957,0.000111676,0.000111258,0.000110699,0.000109989,0.000109121,0.000108082,0.000106861,0.000105443,0.000103812,0.000101951,9.98397e-05,9.74579e-05,9.47827e-05,9.17899e-05,8.84537e-05,8.4747e-05,8.06412e-05,7.61068e-05,7.1113e-05,6.5628e-05,5.96193e-05,5.30536e-05,4.58971e-05,3.81148e-05,2.96712e-05,2.05298e-05,1.06525e-05,0,
0.4,0,1.08019e-05,2.07818e-05,2.99913e-05,3.84786e-05,4.62885e-05,5.34632e-05,6.00428e-05,6.60653e-05,7.15668e-05,7.6582e-05,8.11441e-05,8.52847e-05,8.90339e-05,9.24202e-05,9.54708e-05,9.82111e-05,0.000100665,0.000102854,0.000104799,0.000106518,0.000108029,0.000109347,0.000110485,0.000111455,0.000112266,0.000112929,0.000113449,0.000113831,0.00011408,0.000114196,0.000114181,0.000114032,0.000113747,0.000113322,0.00011275,0.000112024,0.000111133,0.000110067,0.000108814,0.000107358,0.000105685,0.000103775,0.000101609,9.91678e-05,9.64271e-05,9.33633e-05,8.99507e-05,8.61623e-05,8.19698e-05,7.73436e-05,7.2253e-05,6.66665e-05,6.05512e-05,5.38738e-05,4.65997e-05,3.86935e-05,3.01189e-05,2.08381e-05,1.08121e-05,0,
0.416667,0,1.09276e-05,2.10224e-05,3.03378e-05,3.89234e-05,4.68255e-05,5.40874e-05,6.075e-05,6.6852e-05,7.243e-05,7.7519e-05,8.21522e-05,8.63614e-05,9.01764e-05,9.3626e-05,9.67369e-05,9.95344e-05,0.000102042,0.000104282,0.000106275,0.000108038,0.00010959,0.000110945,0.000112117,0.000113117,0.000113956,0.000114642,0.000115182,0.00011558,0.000115842,0.000115967,0.000115958,0.000115811,0.000115525,0.000115094,0.000114513,0.000113772,0.000112864,0.000111776,0.000110495,0.000109008,0.000107298,0.000105347,0.000103136,0.000100644,9.78472e-05,9.4723e-05,9.12453e-05,8.73873e-05,8.31206e-05,7.84159e-05,7.32424e-05,6.75685e-05,6.13614e-05,5.45874e-05,4.72115e-05,3.91978e-05,3.05091e-05,2.1107e-05,1.09512e-05,0,
0.433333,0,1.10298e-05,2.12181e-05,3.06197e-05,3.92855e-05,4.72629e-05,5.4596e-05,6.13265e-05,6.74935e-05,7.31342e-05,7.82838e-05,8.29755e-05,8.72412e-05,9.11107e-05,9.46126e-05,9.77737e-05,0.000100619,0.000103172,0.000105455,0.000107488,0.000109289,0.000110875,0.000112262,0.000113463,0.00011449,0.000115353,0.000116059,0.000116617,0.000117031,0.000117304,0.000117439,0.000117436,0.000117292,0.000117006,0.000116571,0.000115983,0.000115232,0.00011431,0.000113204,0.000111902,0.00011039,0.00010865,0.000106666,0.000104417,0.000101883,9.90405e-05,9.58664e-05,9.23349e-05,8.84191e-05,8.40908e-05,7.93206e-05,7.40779e-05,6.83309e-05,6.20468e-05,5.51915e-05,4.77297e-05,3.96252e-05,3.08401e-05,2.13351e-05,1.10693e-05,0,
0.45,0,1.11079e-05,2.13677e-05,3.08356e-05,3.95631e-05,4.75985e-05,5.49867e-05,6.17699e-05,6.79876e-05,7.36773e-05,7.88742e-05,8.3612e-05,8.79222e-05,9.1835e-05,9.53786e-05,9.85797e-05,0.000101463,0.000104053,0.000106371,0.000108436,0.000110268,0.000111884,0.000113297,0.000114523,0.000115572,0.000116455,0.000117179,0.000117753,0.00011818,0.000118465,0.000118609,0.000118611,0.000118472,0.000118187,0.000117751,0.000117158,0.000116401,0.000115468,0.00011435,0.000113032,0.0001115,0.000109738,0.000107727,0.000105449,0.000102883,0.000100004,9.6791e-05,9.32168e-05,8.9255e-05,8.48775e-05,8.00549e-05,7.47567e-05,6.89509e-05,6.26045e-05,5.56834e-05,4.81521e-05,3.99737e-05,3.111e-05,2.15212e-05,1.11657e-05,0,
0.466667,0,1.11614e-05,2.14706e-05,3.09843e-05,3.97548e-05,4.78309e-05,5.5258e-05,6.20786e-05,6.83326e-05,7.40575e-05,7.92888e-05,8.40601e-05,8.84031e-05,9.23478e-05,9.59224e-05,9.91535e-05,0.000102066,0.000104684,0.000107028,0.000109119,0.000110975,0.000112613,0.000114048,0.000115293,0.000116361,0.00011726,0.000118,0.000118587,0.000119026,0.000119321,0.000119473,0.000119483,0.000119348,0.000119065,0.000118631,0.000118037,0.000117276,0.000116337,0.000115211,0.000113882,0.000112337,0.000110559,0.000108531,0.000106232,0.000103641,0.000100737,9.74944e-05,9.38886e-05,8.98926e-05,8.54784e-05,8.06164e-05,7.52762e-05,6.94258e-05,6.30322e-05,5.60609e-05,4.84764e-05,4.02415e-05,3.13175e-05,2.16643e-05,1.12398e-05,0,
0.483333,0,1.11901e-05,2.15261e-05,3.10651e-05,3.98597e-05,4.79591e-05,5.54087e-05,6.22514e-05,6.85271e-05,7.42736e-05,7.95263e-05,8.43188e-05,8.86828e-05,9.26481e-05,9.62431e-05,9.94943e-05,0.000102427,0.000105063,0.000107426,0.000109535,0.000111408,0.000113063,0.000114513,0.000115774,0.000116855,0.000117767,0.000118519,0.000119118,0.000119567,0.000119871,0.000120031,0.000120047,0.000119918,0.00011964,0.000119208,0.000118616,0.000117855,0.000116915,0.000115785,0.000114451,0.000112899,0.000111113,0.000109073,0.000106762,0.000104157,0.000101236,9.79747e-05,9.43484e-05,9.03299e-05,8.58912e-05,8.10029e-05,7.56343e-05,6.97537e-05,6.33277e-05,5.63221e-05,4.8701e-05,4.0427e-05,3.14614e-05,2.17637e-05,1.12913e-05,0,
0.5,0,1.11939e-05,2.15341e-05,3.10776e-05,3.98773e-05,4.79823e-05,5.54382e-05,6.22876e-05,6.85707e-05,7.4325e-05,7.95861e-05,8.43874e-05,8.87606e-05,9.27355e-05,9.63403e-05,9.96015e-05,0.000102544,0.000105191,0.000107564,0.000109683,0.000111567,0.000113232,0.000114692,0.000115962,0.000117053,0.000117975,0.000118737,0.000119344,0.000119802,0.000120114,0.000120281,0.000120304,0.000120182,0.000119909,0.000119482,0.000118894,0.000118136,0.000117199,0.00011607,0.000114737,0.000113184,0.000111396,0.000109354,0.000107038,0.000104427,0.000101499,9.823e-05,9.45942e-05,9.0565e-05,8.61142e-05,8.12125e-05,7.58293e-05,6.99327e-05,6.34896e-05,5.64654e-05,4.88244e-05,4.05291e-05,3.15408e-05,2.18185e-05,1.13198e-05,0,
0.516667,0,1.11727e-05,2.14943e-05,3.10217e-05,3.98075e-05,4.79006e-05,5.53463e-05,6.21872e-05,6.84631e-05,7.42117e-05,7.94681e-05,8.42658e-05,8.86364e-05,9.26097e-05,9.62137e-05,9.94749e-05,0.000102418,0.000105067,0.000107442,0.000109564,0.000111451,0.000113119,0.000114584,0.000115859,0.000116956,0.000117883,0.000118651,0.000119264,0.000119729,0.000120047,0.000120222,0.000120252,0.000120137,0.000119871,0.000119452,0.00011887,0.000118119,0.000117188,0.000116066,0.000114738,0.000113191,0.000111408,0.00010937,0.000107058,0.000104451,0.000101526,9.8259e-05,9.46248e-05,9.05965e-05,8.6146e-05,8.1244e-05,7.58598e-05,6.99617e-05,6.35165e-05,5.64897e-05,4.88457e-05,4.0547e-05,3.15548e-05,2.18283e-05,1.1325e-05,0,
0.533333,0,1.11266e-05,2.14071e-05,3.08978e-05,3.96507e-05,4.77143e-05,5.51335e-05,6.19506e-05,6.8205e-05,7.3934e-05,7.91728e-05,8.39546e-05,8.83108e-05,9.22712e-05,9.58637e-05,9.91148e-05,0.000102049,0.00010469,0.000107059,0.000109176,0.00011106,0.000112726,0.000114189,0.000115464,0.000116561,0.000117491,0.000118261,0.000118878,0.000119348,0.000119672,0.000119853,0.000119891,0.000119783,0.000119526,0.000119115,0.000118543,0.000117802,0.000116882,0.00011577,0.000114454,0.000112919,0.000111147,0.000109122,0.000106822,0.000104227,0.000101315,9.80606e-05,9.4439e-05,9.04234e-05,8.59856e-05,8.10963e-05,7.57249e-05,6.98397e-05,6.34076e-05,5.63943e-05,4.87641e-05,4.04799e-05,3.1503e-05,2.17927e-05,1.13066e-05,0,
0.55,0,1.10559e-05,2.12728e-05,3.07063e-05,3.94076e-05,4.74243e-05,5.48009e-05,6.15788e-05,6.77972e-05,7.34931e-05,7.87012e-05,8.34546e-05,8.77845e-05,9.17206e-05,9.52909e-05,9.85217e-05,0.000101438,0.000104062,0.000106417,0.000108521,0.000110394,0.000112051,0.000113507,0.000114777,0.00011587,0.000116798,0.000117568,0.000118187,0.000118659,0.000118987,0.000119174,0.000119219,0.000119119,0.000118872,0.000118472,0.000117913,0.000117185,0.000116279,0.000115183,0.000113884,0.000112366,0.000110613,0.000108607,0.000106328,0.000103755,0.000100865,9.76339e-05,9.40362e-05,9.0045e-05,8.56324e-05,8.07689e-05,7.54241e-05,6.95663e-05,6.31626e-05,5.61787e-05,4.85794e-05,4.03277e-05,3.13851e-05,2.17115e-05,1.12646e-05,0,
0.566667,0,1.09608e-05,2.10922e-05,3.04484e-05,3.90795e-05,4.70321e-05,5.43499e-05,6.10735e-05,6.72416e-05,7.28905e-05,7.80548e-05,8.27672e-05,8.7059e-05,9.09594e-05,9.44966e-05,9.76968e-05,0.000100585,0.000103184,0.000105515,0.000107599,0.000109454,0.000111095,0.000112539,0.000113798,0.000114883,0.000115805,0.000116571,0.000117189,0.000117662,0.000117993,0.000118185,0.000118236,0.000118146,0.00011791,0.000117523,0.000116978,0.000116267,0.00011538,0.000114304,0.000113027,0.000111533,0.000109806,0.000107827,0.000105577,0.000103034,0.000100176,9.69786e-05,9.34158e-05,8.94611e-05,8.50861e-05,8.02618e-05,7.49575e-05,6.91416e-05,6.27815e-05,5.58432e-05,4.82917e-05,4.00904e-05,3.12013e-05,2.15848e-05,1.1199e-05,0,
0.583333,0,1.0842e-05,2.08662e-05,3.01253e-05,3.8668e-05,4.65396e-05,5.37826e-05,6.04369e-05,6.65402e-05,7.21284e-05,7.72357e-05,8.18946e-05,8.61359e-05,8.99892e-05,9.34822e-05,9.66414e-05,9.94916e-05,0.000102056,0.000104356,0.000106411,0.000108241,0.00010986,0.000111285,0.000112528,0.0001136,0.000114513,0.000115272,0.000115885,0.000116357,0.00011669,0.000116886,0.000116945,0.000116864,0.00011664,0.000116267,0.00011574,0.000115048,0.000114183,0.000113133,0.000111883,0.000110419,0.000108724,0.00010678,0.000104567,0.000102064,9.9248e-05,9.60945e-05,9.25781e-05,8.86716e-05,8.43471e-05,7.95752e-05,7.43253e-05,6.85661e-05,6.22649e-05,5.53883e-05,4.79015e-05,3.97684e-05,3.09519e-05,2.14127e-05,1.11098e-05,0,
0.6,0,1.07e-05,2.05961e-05,2.97388e-05,3.81753e-05,4.59492e-05,5.31017e-05,5.96716e-05,6.56958e-05,7.12096e-05,7.62466e-05,8.0839e-05,8.50177e-05,8.8812e-05,9.22497e-05,9.53573e-05,9.81596e-05,0.00010068,0.00010294,0.000104959,0.000106755,0.000108346,0.000109746,0.000110968,0.000112024,0.000112922,0.000113671,0.000114278,0.000114746,0.00011508,0.000115279,0.000115344,0.000115273,0.000115062,0.000114706,0.000114198,0.00011353,0.000112691,0.000111669,0.000110452,0.000109024,0.000107368,0.000105466,0.000103299,0.000100845,9.80805e-05,9.49819e-05,9.15231e-05,8.76772e-05,8.34159e-05,7.87098e-05,7.35285e-05,6.78407e-05,6.16139e-05,5.4815e-05,4.74097e-05,3.93627e-05,3.06374e-05,2.11957e-05,1.09973e-05,0,
0.616667,0,1.05357e-05,2.02832e-05,2.9291e-05,3.76039e-05,4.52638e-05,5.23103e-05,5.87809e-05,6.47116e-05,7.0137e-05,7.50903e-05,7.96033e-05,8.37068e-05,8.74301e-05,9.08012e-05,9.38464e-05,9.65908e-05,9.90575e-05,0.000101268,0.000103243,0.000105,0.000106556,0.000107925,0.000109121,0.000110154,0.000111035,0.00011177,0.000112368,0.000112831,0.000113163,0.000113364,0.000113436,0.000113375,0.000113178,0.00011284,0.000112354,0.000111711,0.000110902,0.000109914,0.000108734,0.000107348,0.000105738,0.000103886,0.000101773,9.93767e-05,9.66742e-05,9.36412e-05,9.02517e-05,8.64786e-05,8.22935e-05,7.76669e-05,7.25685e-05,6.69669e-05,6.08299e-05,5.41248e-05,4.68178e-05,3.88744e-05,3.0259e-05,2.09344e-05,1.08618e-05,0,
0.633333,0,1.03499e-05,1.99294e-05,2.87843e-05,3.69569e-05,4.44869e-05,5.14121e-05,5.77687e-05,6.35915e-05,6.89145e-05,7.37703e-05,7.81906e-05,8.22062e-05,8.58463e-05,8.91391e-05,9.2111e-05,9.47871e-05,9.71908e-05,9.93439e-05,0.000101266,0.000102976,0.00010449,0.000105822,0.000106987,0.000107993,0.000108852,0.000109571,0.000110157,0.000110612,0.000110941,0.000111145,0.000111222,0.000111172,0.00011099,0.000110671,0.000110209,0.000109595,0.000108819,0.000107869,0.000106732,0.000105393,0.000103835,0.000102041,9.99897e-05,9.76603e-05,9.50297e-05,9.20731e-05,8.87646e-05,8.50768e-05,8.09811e-05,7.6448e-05,7.14469e-05,6.59466e-05,5.9915e-05,5.33198e-05,4.61278e-05,3.83053e-05,2.98179e-05,2.06298e-05,1.07037e-05,0,
0.65,0,1.01437e-05,1.95369e-05,2.82219e-05,3.62381e-05,4.36227e-05,5.04116e-05,5.66393e-05,6.23397e-05,6.75459e-05,7.22903e-05,7.66044e-05,8.05189e-05,8.40634e-05,8.72659e-05,9.01533e-05,9.27508e-05,9.50819e-05,9.71684e-05,9.90303e-05,0.000100686,0.000102151,0.000103441,0.000104569,0.000105544,0.000106378,0.000107077,0.000107647,0.000108094,0.000108418,0.000108622,0.000108705,0.000108666,0.0001085,0.000108202,0.000107765,0.000107182,0.000106442,0.000105534,0.000104445,0.000103159,0.00010166,9.99301e-05,9.79494e-05,9.56963e-05,9.31475e-05,9.02784e-05,8.70628e-05,8.34731e-05,7.94804e-05,7.50549e-05,7.0166e-05,6.47822e-05,5.88718e-05,5.24025e-05,4.53421e-05,3.76577e-05,2.93161e-05,2.02833e-05,1.05238e-05,0,
0.666667,0,9.9186e-06,1.91081e-05,2.7607e-05,3.54514e-05,4.26757e-05,4.93135e-05,5.53976e-05,6.09608e-05,6.60356e-05,7.06542e-05,7.48481e-05,7.86481e-05,8.2084e-05,8.51842e-05,8.79758e-05,9.04842e-05,9.2733e-05,9.4744e-05,9.65374e-05,9.81313e-05,9.95419e-05,0.000100784,0.000101869,0.00010281,0.000103614,0.00010429,0.000104843,0.000105278,0.000105596,0.0001058,0.000105888,0.000105859,0.000105709,0.000105433,0.000105025,0.000104475,0.000103775,0.000102912,0.000101875,0.000100647,9.92134e-05,9.75554e-05,9.56532e-05,9.34854e-05,9.10286e-05,8.82582e-05,8.51475e-05,8.16689e-05,7.7793e-05,7.34898e-05,6.87281e-05,6.34766e-05,5.77032e-05,5.13762e-05,4.44638e-05,3.69342e-05,2.87558e-05,1.98964e-05,1.03228e-05,0,
0.683333,0,9.67599e-06,1.86459e-05,2.69438e-05,3.46018e-05,4.16512e-05,4.81231e-05,5.40487e-05,5.94597e-05,6.43882e-05,6.88661e-05,7.29253e-05,7.65969e-05,7.9911e-05,8.28965e-05,8.55807e-05,8.79893e-05,9.01461e-05,9.20731e-05,9.37901e-05,9.53153e-05,9.66648e-05,9.78529e-05,9.88921e-05,9.97929e-05,0.000100564,0.000101214,0.000101747,0.000102168,0.000102479,0.000102681,0.000102774,0.000102756,0.000102623,0.00010237,0.00010199,0.000101476,0.000100818,0.000100005,9.90235e-05,9.78596e-05,9.64969e-05,9.49176e-05,9.31019e-05,9.10284e-05,8.86738e-05,8.60132e-05,8.30198e-05,7.96655e-05,7.59207e-05,7.17547e-05,6.71361e-05,6.20328e-05,5.64129e-05,5.02446e-05,4.34966e-05,3.61384e-05,2.81398e-05,1.94711e-05,1.01018e-05,0,
0.7,0,9.41767e-06,1.81536e-05,2.62367e-05,3.36946e-05,4.0555e-05,4.68464e-05,5.25983e-05,5.78416e-05,6.2608e-05,6.69298e-05,7.08393e-05,7.4368e-05,7.75467e-05,8.04048e-05,8.29701e-05,8.52684e-05,8.73236e-05,8.91578e-05,9.07908e-05,9.22406e-05,9.3523e-05,9.46521e-05,9.56401e-05,9.64975e-05,9.72328e-05,9.78531e-05,9.8364e-05,9.87693e-05,9.90714e-05,9.92712e-05,9.93681e-05,9.93602e-05,9.9244e-05,9.90145e-05,9.86655e-05,9.81891e-05,9.75758e-05,9.68149e-05,9.58937e-05,9.4798e-05,9.3512e-05,9.2018e-05,9.02965e-05,8.83262e-05,8.60838e-05,8.35442e-05,8.06806e-05,7.74642e-05,7.38651e-05,6.9852e-05,6.53925e-05,6.04542e-05,5.50046e-05,4.90118e-05,4.24448e-05,3.52742e-05,2.74718e-05,1.90101e-05,9.86225e-06,0,
0.716667,0,9.14572e-06,1.76352e-05,2.54911e-05,3.2736e-05,3.93935e-05,4.54895e-05,5.10521e-05,5.61114e-05,6.06994e-05,6.48489e-05,6.85928e-05,7.19637e-05,7.49932e-05,7.77111e-05,8.01457e-05,8.23231e-05,8.42675e-05,8.60006e-05,8.75423e-05,8.89102e-05,9.01199e-05,9.11851e-05,9.21178e-05,9.29278e-05,9.36238e-05,9.42123e-05,9.46986e-05,9.50865e-05,9.53781e-05,9.55744e-05,9.56746e-05,9.56768e-05,9.55777e-05,9.53724e-05,9.50549e-05,9.46175e-05,9.40512e-05,9.33453e-05,9.24877e-05,9.14646e-05,9.02605e-05,8.8858e-05,8.72381e-05,8.53794e-05,8.3259e-05,8.08517e-05,7.81303e-05,7.50659e-05,7.16276e-05,6.77835e-05,6.35002e-05,5.87444e-05,5.34827e-05,4.76826e-05,4.13135e-05,3.43466e-05,2.67557e-05,1.85164e-05,9.60565e-06,0,
0.733333,0,8.86257e-06,1.7095e-05,2.47129e-05,3.17326e-05,3.81737e-05,4.40592e-05,4.94159e-05,5.4274e-05,5.86661e-05,6.2626e-05,6.61879e-05,6.93856e-05,7.22515e-05,7.48163e-05,7.71087e-05,7.91551e-05,8.09796e-05,8.26038e-05,8.40473e-05,8.53274e-05,8.64593e-05,8.74562e-05,8.83296e-05,8.90892e-05,8.97429e-05,9.02971e-05,9.07569e-05,9.11256e-05,9.14054e-05,9.1597e-05,9.16997e-05,9.17117e-05,9.16296e-05,9.14488e-05,9.11635e-05,9.07662e-05,9.02484e-05,8.95999e-05,8.88089e-05,8.78621e-05,8.67444e-05,8.54392e-05,8.39275e-05,8.21887e-05,8.01997e-05,7.79356e-05,7.53691e-05,7.24706e-05,6.92088e-05,6.55506e-05,6.14615e-05,5.69066e-05,5.18513e-05,4.62622e-05,4.01082e-05,3.33612e-05,2.59967e-05,1.79938e-05,9.33408e-06,0,
0.75,0,8.5711e-06,1.65385e-05,2.3909e-05,3.06922e-05,3.69031e-05,4.2562e-05,4.76952e-05,5.23335e-05,5.65109e-05,6.02629e-05,6.36255e-05,6.6634e-05,6.93219e-05,7.17208e-05,7.38598e-05,7.57654e-05,7.74615e-05,7.89697e-05,8.03089e-05,8.14959e-05,8.25454e-05,8.34702e-05,8.42811e-05,8.49873e-05,8.55963e-05,8.61142e-05,8.65456e-05,8.68936e-05,8.71603e-05,8.73462e-05,8.74506e-05,8.74717e-05,8.74062e-05,8.72499e-05,8.69971e-05,8.66407e-05,8.61726e-05,8.55831e-05,8.4861e-05,8.39935e-05,8.29663e-05,8.17631e-05,8.03658e-05,7.87542e-05,7.69057e-05,7.47954e-05,7.23961e-05,6.96778e-05,6.66085e-05,6.31538e-05,5.92777e-05,5.49436e-05,5.01147e-05,4.4756e-05,3.88353e-05,3.23244e-05,2.52007e-05,1.74469e-05,9.05004e-06,0,
0.766667,0,8.27476e-06,1.59718e-05,2.30873e-05,2.96232e-05,3.55894e-05,4.10044e-05,4.58947e-05,5.02927e-05,5.42349e-05,5.77595e-05,6.09047e-05,6.37076e-05,6.62033e-05,6.84238e-05,7.03988e-05,7.21546e-05,7.37149e-05,7.51006e-05,7.63302e-05,7.74197e-05,7.83832e-05,7.92327e-05,7.99784e-05,8.06289e-05,8.11912e-05,8.1671e-05,8.20725e-05,8.23985e-05,8.26508e-05,8.283e-05,8.29352e-05,8.29647e-05,8.29154e-05,8.27832e-05,8.25627e-05,8.22475e-05,8.18297e-05,8.13002e-05,8.06485e-05,7.98626e-05,7.89288e-05,7.78317e-05,7.6554e-05,7.50761e-05,7.33761e-05,7.14296e-05,6.92094e-05,6.66855e-05,6.38249e-05,6.0592e-05,5.69492e-05,5.28571e-05,4.82765e-05,4.31694e-05,3.75014e-05,3.12438e-05,2.43749e-05,1.68812e-05,8.75663e-06,0,
0.783333,0,7.97773e-06,1.54023e-05,2.22571e-05,2.85348e-05,3.42406e-05,3.93921e-05,4.40174e-05,4.81523e-05,5.18371e-05,5.51133e-05,5.80224e-05,6.06035e-05,6.28929e-05,6.49234e-05,6.67247e-05,6.83228e-05,6.97409e-05,7.09991e-05,7.21149e-05,7.31035e-05,7.39782e-05,7.47501e-05,7.54286e-05,7.60218e-05,7.65359e-05,7.69763e-05,7.73466e-05,7.76494e-05,7.78864e-05,7.80578e-05,7.81628e-05,7.81999e-05,7.81659e-05,7.80572e-05,7.78687e-05,7.75942e-05,7.72266e-05,7.67574e-05,7.61769e-05,7.54738e-05,7.46354e-05,7.36473e-05,7.24931e-05,7.11543e-05,6.96098e-05,6.78359e-05,6.5806e-05,6.34899e-05,6.08543e-05,5.78623e-05,5.4474e-05,5.06472e-05,4.63388e-05,4.1507e-05,3.61137e-05,3.01277e-05,2.35275e-05,1.63036e-05,8.45773e-06,0,
0.8,0,7.68525e-06,1.48391e-05,2.14289e-05,2.7437e-05,3.28642e-05,3.77292e-05,4.20641e-05,4.59101e-05,4.93129e-05,5.23189e-05,5.49728e-05,5.73161e-05,5.93862e-05,6.12164e-05,6.28358e-05,6.427e-05,6.5541e-05,6.66679e-05,6.76671e-05,6.85527e-05,6.93369e-05,7.00298e-05,7.064e-05,7.11748e-05,7.16399e-05,7.20399e-05,7.23781e-05,7.2657e-05,7.28776e-05,7.30402e-05,7.31442e-05,7.31877e-05,7.31682e-05,7.30819e-05,7.29243e-05,7.26897e-05,7.23716e-05,7.19622e-05,7.14526e-05,7.08325e-05,7.00903e-05,6.92127e-05,6.81845e-05,6.69885e-05,6.56049e-05,6.40111e-05,6.21812e-05,6.00856e-05,5.76907e-05,5.49586e-05,5.18472e-05,4.83109e-05,4.43018e-05,3.97724e-05,3.46788e-05,2.89852e-05,2.26687e-05,1.57228e-05,8.1583e-06,0,
0.816667,0,7.40394e-06,1.42933e-05,2.0615e-05,2.63398e-05,3.14663e-05,3.60168e-05,4.00313e-05,4.35591e-05,4.66534e-05,4.93664e-05,5.17465e-05,5.38372e-05,5.56767e-05,5.72981e-05,5.87296e-05,5.99956e-05,6.11167e-05,6.21104e-05,6.29918e-05,6.37736e-05,6.44668e-05,6.50804e-05,6.56221e-05,6.60983e-05,6.6514e-05,6.68733e-05,6.7179e-05,6.74331e-05,6.76366e-05,6.77896e-05,6.78914e-05,6.79403e-05,6.79338e-05,6.78686e-05,6.77405e-05,6.75445e-05,6.72744e-05,6.69234e-05,6.64835e-05,6.59454e-05,6.52987e-05,6.45315e-05,6.36301e-05,6.25787e-05,6.13593e-05,5.99508e-05,5.83287e-05,5.64645e-05,5.43248e-05,5.18713e-05,4.90599e-05,4.58411e-05,4.21616e-05,3.79662e-05,3.32023e-05,2.78262e-05,2.18103e-05,1.51494e-05,7.86475e-06,0,
0.833333,0,7.1425e-06,1.37788e-05,1.98294e-05,2.52531e-05,3.00497e-05,3.42509e-05,3.79091e-05,4.10858e-05,4.38436e-05,4.62409e-05,4.833e-05,5.01556e-05,5.1756e-05,5.3163e-05,5.44034e-05,5.54996e-05,5.64701e-05,5.73308e-05,5.80951e-05,5.8774e-05,5.9377e-05,5.99122e-05,6.03861e-05,6.08041e-05,6.11708e-05,6.14893e-05,6.17623e-05,6.19913e-05,6.21771e-05,6.23197e-05,6.24182e-05,6.24712e-05,6.24763e-05,6.24305e-05,6.23301e-05,6.21704e-05,6.19462e-05,6.16513e-05,6.12787e-05,6.08204e-05,6.02671e-05,5.96085e-05,5.88326e-05,5.79255e-05,5.6871e-05,5.56503e-05,5.42409e-05,5.26161e-05,5.07438e-05,4.8586e-05,4.60972e-05,4.32247e-05,3.99086e-05,3.60842e-05,3.16869e-05,2.666e-05,2.09658e-05,1.45971e-05,7.58561e-06,0,
0.85,0,6.91275e-06,1.33133e-05,1.90877e-05,2.41844e-05,2.86114e-05,3.24188e-05,3.56783e-05,3.84677e-05,4.08604e-05,4.29214e-05,4.47054e-05,4.62574e-05,4.76141e-05,4.88051e-05,4.98546e-05,5.07824e-05,5.16046e-05,5.23349e-05,5.29846e-05,5.3563e-05,5.40782e-05,5.45369e-05,5.49446e-05,5.53059e-05,5.56244e-05,5.59028e-05,5.61433e-05,5.63471e-05,5.65147e-05,5.6646e-05,5.67402e-05,5.67959e-05,5.68108e-05,5.67824e-05,5.67073e-05,5.65814e-05,5.64002e-05,5.61583e-05,5.58497e-05,5.54675e-05,5.50039e-05,5.44502e-05,5.37962e-05,5.30302e-05,5.21384e-05,5.11046e-05,4.9909e-05,4.85276e-05,4.69311e-05,4.50827e-05,4.29374e-05,4.04398e-05,3.7524e-05,3.41142e-05,3.01297e-05,2.5494e-05,2.01507e-05,1.40832e-05,7.33256e-06,0,
0.866667,0,6.73134e-06,1.29196e-05,1.8406e-05,2.31349e-05,2.71371e-05,3.04941e-05,3.33061e-05,3.56703e-05,3.76719e-05,3.93804e-05,4.08509e-05,4.21264e-05,4.32402e-05,4.42184e-05,4.50815e-05,4.5846e-05,4.65253e-05,4.71302e-05,4.767e-05,4.81522e-05,4.85832e-05,4.89686e-05,4.93126e-05,4.96192e-05,4.9891e-05,5.01304e-05,5.0339e-05,5.05177e-05,5.06668e-05,5.07861e-05,5.08748e-05,5.09316e-05,5.09545e-05,5.09411e-05,5.08886e-05,5.07934e-05,5.06516e-05,5.04587e-05,5.02096e-05,4.98987e-05,4.95196e-05,4.90652e-05,4.85272e-05,4.78963e-05,4.71614e-05,4.63093e-05,4.53238e-05,4.41847e-05,4.28664e-05,4.13358e-05,3.955e-05,3.74536e-05,3.49761e-05,3.20307e-05,2.85169e-05,2.43298e-05,1.93811e-05,1.36306e-05,7.12215e-06,0,
0.883333,0,6.62279e-06,1.26269e-05,1.77973e-05,2.20925e-05,2.55923e-05,2.84292e-05,3.07406e-05,3.2645e-05,3.4236e-05,3.55843e-05,3.67415e-05,3.77455e-05,3.86242e-05,3.93987e-05,4.00848e-05,4.06951e-05,4.12397e-05,4.17269e-05,4.21635e-05,4.25552e-05,4.29072e-05,4.32233e-05,4.35072e-05,4.37617e-05,4.3989e-05,4.41908e-05,4.43684e-05,4.45223e-05,4.46527e-05,4.47594e-05,4.48414e-05,4.48977e-05,4.49264e-05,4.49255e-05,4.48925e-05,4.48244e-05,4.47179e-05,4.45693e-05,4.43744e-05,4.41288e-05,4.38274e-05,4.34648e-05,4.30346e-05,4.25299e-05,4.19424e-05,4.12624e-05,4.04777e-05,3.95728e-05,3.85274e-05,3.7314e-05,3.58953e-05,3.42194e-05,3.22152e-05,2.97876e-05,2.68151e-05,2.31559e-05,1.86703e-05,1.32685e-05,6.9789e-06,0,
0.9,0,6.62498e-06,1.2471e-05,1.72619e-05,2.10164e-05,2.39085e-05,2.61453e-05,2.79064e-05,2.93269e-05,3.05018e-05,3.14956e-05,3.23517e-05,3.30994e-05,3.3759e-05,3.43452e-05,3.48685e-05,3.53376e-05,3.5759e-05,3.61383e-05,3.64803e-05,3.6789e-05,3.70679e-05,3.73201e-05,3.7548e-05,3.77537e-05,3.7939e-05,3.8105e-05,3.82527e-05,3.83823e-05,3.8494e-05,3.85874e-05,3.86616e-05,3.87157e-05,3.8748e-05,3.87568e-05,3.87399e-05,3.86949e-05,3.86191e-05,3.85094e-05,3.83627e-05,3.81753e-05,3.79437e-05,3.76637e-05,3.73311e-05,3.69409e-05,3.64879e-05,3.59655e-05,3.53661e-05,3.46794e-05,3.38917e-05,3.29834e-05,3.19257e-05,3.06757e-05,2.91687e-05,2.73086e-05,2.49578e-05,2.19327e-05,1.80192e-05,1.30329e-05,6.94071e-06,0,
0.916667,0,6.79895e-06,1.2488e-05,1.67632e-05,1.98091e-05,2.19621e-05,2.35218e-05,2.47016e-05,2.56379e-05,2.64136e-05,2.70779e-05,2.76601e-05,2.8178e-05,2.8643e-05,2.90625e-05,2.94421e-05,2.97862e-05,3.00983e-05,3.03817e-05,3.06392e-05,3.08733e-05,3.10863e-05,3.12803e-05,3.1457e-05,3.16178e-05,3.17639e-05,3.18963e-05,3.20154e-05,3.21215e-05,3.22144e-05,3.22939e-05,3.23592e-05,3.24092e-05,3.24427e-05,3.24582e-05,3.24539e-05,3.24278e-05,3.23777e-05,3.23012e-05,3.21959e-05,3.20592e-05,3.18885e-05,3.16809e-05,3.14338e-05,3.11443e-05,3.08095e-05,3.04262e-05,2.99907e-05,2.94982e-05,2.89419e-05,2.83115e-05,2.759e-05,2.67488e-05,2.57389e-05,2.44768e-05,2.28244e-05,2.0565e-05,1.73925e-05,1.29604e-05,7.0687e-06,0,
0.933333,0,7.24447e-06,1.26837e-05,1.61693e-05,1.82684e-05,1.95503e-05,2.03917e-05,2.1004e-05,2.1496e-05,2.19208e-05,2.23034e-05,2.26551e-05,2.2981e-05,2.32832e-05,2.3563e-05,2.38215e-05,2.40595e-05,2.42782e-05,2.44789e-05,2.4663e-05,2.48317e-05,2.49865e-05,2.51287e-05,2.52592e-05,2.53792e-05,2.54894e-05,2.55904e-05,2.56825e-05,2.57658e-05,2.58401e-05,2.5905e-05,2.596e-05,2.60042e-05,2.60365e-05,2.60556e-05,2.60601e-05,2.60484e-05,2.60189e-05,2.59696e-05,2.58988e-05,2.58047e-05,2.56854e-05,2.55393e-05,2.53649e-05,2.51609e-05,2.49262e-05,2.46602e-05,2.43625e-05,2.4033e-05,2.36713e-05,2.3276e-05,2.28432e-05,2.23625e-05,2.18093e-05,2.11307e-05,2.02169e-05,1.88543e-05,1.66608e-05,1.30579e-05,7.46288e-06,0,
0.95,0,8.10736e-06,1.29176e-05,1.51283e-05,1.60223e-05,1.63794e-05,1.65563e-05,1.66928e-05,1.68351e-05,1.69932e-05,1.71643e-05,1.73427e-05,1.75224e-05,1.76989e-05,1.7869e-05,1.80306e-05,1.81826e-05,1.83244e-05,1.84562e-05,1.85783e-05,1.86913e-05,1.87958e-05,1.88927e-05,1.89826e-05,1.90661e-05,1.91436e-05,1.92157e-05,1.92823e-05,1.93436e-05,1.93993e-05,1.94492e-05,1.94926e-05,1.9529e-05,1.95574e-05,1.95769e-05,1.95864e-05,1.95846e-05,1.95703e-05,1.95422e-05,1.9499e-05,1.94394e-05,1.93622e-05,1.92667e-05,1.9152e-05,1.9018e-05,1.88647e-05,1.86931e-05,1.85049e-05,1.8303e-05,1.80913e-05,1.78754e-05,1.76621e-05,1.74582e-05,1.72671e-05,1.70794e-05,1.68489e-05,1.64345e-05,1.54762e-05,1.31869e-05,8.26951e-06,0,
0.966667,0,9.43483e-06,1.25279e-05,1.28581e-05,1.24992e-05,1.21131e-05,1.18452e-05,1.16964e-05,1.16378e-05,1.16412e-05,1.16848e-05,1.1753e-05,1.18349e-05,1.19233e-05,1.20134e-05,1.21021e-05,1.21874e-05,1.22685e-05,1.23447e-05,1.2416e-05,1.24827e-05,1.25449e-05,1.26031e-05,1.26577e-05,1.2709e-05,1.27574e-05,1.28029e-05,1.28457e-05,1.28858e-05,1.2923e-05,1.29571e-05,1.29876e-05,1.30142e-05,1.3036e-05,1.30526e-05,1.30631e-05,1.30666e-05,1.30623e-05,1.30494e-05,1.30269e-05,1.2994e-05,1.29502e-05,1.2895e-05,1.2828e-05,1.27496e-05,1.26603e-05,1.25615e-05,1.24555e-05,1.2346e-05,1.22386e-05,1.21412e-05,1.20654e-05,1.20277e-05,1.20507e-05,1.21633e-05,1.23948e-05,1.27441e-05,1.30646e-05,1.26902e-05,9.53697e-06,0,
0.983333,0,9.892e-06,9.429e-06,8.06059e-06,7.11855e-06,6.55813e-06,6.23728e-06,6.0603e-06,5.97028e-06,5.93338e-06,5.929e-06,5.94427e-06,5.97101e-06,6.00396e-06,6.03976e-06,6.07627e-06,6.11219e-06,6.14677e-06,6.17965e-06,6.21068e-06,6.2399e-06,6.26743e-06,6.29344e-06,6.31812e-06,6.34162e-06,6.36408e-06,6.3856e-06,6.40622e-06,6.42591e-06,6.44458e-06,6.46208e-06,6.47821e-06,6.49269e-06,6.50519e-06,6.51534e-06,6.52272e-06,6.52688e-06,6.52737e-06,6.52373e-06,6.51552e-06,6.50235e-06,6.48389e-06,6.45993e-06,6.43042e-06,6.39555e-06,6.35581e-06,6.31214e-06,6.26611e-06,6.22017e-06,6.17807e-06,6.14552e-06,6.13116e-06,6.14839e-06,6.21831e-06,6.37525e-06,6.67656e-06,7.21826e-06,8.14241e-06,9.49297e-06,9.93439e-06,0,
1,0,0,0,0,0,0,0,0,0,0,0,0,0,0,0,0,0,0,0,0,0,0,0,0,0,0,0,0,0,0,0,0,0,0,0,0,0,0,0,0,0,0,0,0,0,0,0,0,0,0,0,0,0,0,0,0,0,0,0,0,0,
